{"v":4,"entries":{"1-1--default":{"type":"story","id":"1-1--default","name":"Default","title":"地图/Map地图容器","importPath":"./src/stories/VMap.stories.js","tags":["story"]},"1-1--docs":{"id":"1-1--docs","title":"地图/Map地图容器","name":"Docs","importPath":"./src/stories/VMap.mdx","storiesImports":["./src/stories/VMap.stories.js"],"type":"docs","tags":["attached-mdx","docs"]},"2-1--default":{"type":"story","id":"2-1--default","name":"Default","title":"图层/GroupLayer图层组","importPath":"./src/stories/VGroupLayer.stories.js","tags":["story"]},"2-1--docs":{"id":"2-1--docs","title":"图层/GroupLayer图层组","name":"Docs","importPath":"./src/stories/VGroupLayer.mdx","storiesImports":["./src/stories/VGroupLayer.stories.js"],"type":"docs","tags":["attached-mdx","docs"]},"2-2--default":{"type":"story","id":"2-2--default","name":"Default","title":"图层/Tile瓦片图层","importPath":"./src/stories/VTile.stories.js","tags":["story"]},"2-2--docs":{"id":"2-2--docs","title":"图层/Tile瓦片图层","name":"Docs","importPath":"./src/stories/VTile.mdx","storiesImports":["./src/stories/VTile.stories.js"],"type":"docs","tags":["attached-mdx","docs"]},"2-2--wms":{"type":"story","id":"2-2--wms","name":"WMS","title":"图层/Tile瓦片图层","importPath":"./src/stories/VTile.stories.js","tags":["story"]},"2-2--xyz":{"type":"story","id":"2-2--xyz","name":"XYZ","title":"图层/Tile瓦片图层","importPath":"./src/stories/VTile.stories.js","tags":["story"]},"2-3--default":{"type":"story","id":"2-3--default","name":"Default","title":"图层/Vector矢量图层","importPath":"./src/stories/VVector.stories.js","tags":["story"]},"2-3--docs":{"id":"2-3--docs","title":"图层/Vector矢量图层","name":"Docs","importPath":"./src/stories/VVector.mdx","storiesImports":["./src/stories/VVector.stories.js"],"type":"docs","tags":["attached-mdx","docs"]},"2-3--geo-json-basic":{"type":"story","id":"2-3--geo-json-basic","name":"Geo Json Basic","title":"图层/Vector矢量图层","importPath":"./src/stories/VVector.stories.js","tags":["story"]},"2-3--modify":{"type":"story","id":"2-3--modify","name":"Modify","title":"图层/Vector矢量图层","importPath":"./src/stories/VVector.stories.js","tags":["story"]},"2-4--default":{"type":"story","id":"2-4--default","name":"Default","title":"图层/Image图片图层","importPath":"./src/stories/VImage.stories.js","tags":["story"]},"2-4--docs":{"id":"2-4--docs","title":"图层/Image图片图层","name":"Docs","importPath":"./src/stories/VImage.mdx","storiesImports":["./src/stories/VImage.stories.js"],"type":"docs","tags":["attached-mdx","docs"]},"2-4--image-wms":{"type":"story","id":"2-4--image-wms","name":"Image WMS","title":"图层/Image图片图层","importPath":"./src/stories/VImage.stories.js","tags":["story"]},"2-5--default":{"type":"story","id":"2-5--default","name":"Default","title":"图层/Heatmap热力图","importPath":"./src/stories/VHeatmap.stories.js","tags":["story"]},"2-5--docs":{"id":"2-5--docs","title":"图层/Heatmap热力图","name":"Docs","importPath":"./src/stories/VHeatmap.mdx","storiesImports":["./src/stories/VHeatmap.stories.js"],"type":"docs","tags":["attached-mdx","docs"]},"2-6--default":{"type":"story","id":"2-6--default","name":"Default","title":"图层/Cluster聚合图层","importPath":"./src/stories/VCluster.stories.js","tags":["story"]},"2-6--docs":{"id":"2-6--docs","title":"图层/Cluster聚合图层","name":"Docs","importPath":"./src/stories/VCluster.mdx","storiesImports":["./src/stories/VCluster.stories.js"],"type":"docs","tags":["attached-mdx","docs"]},"2-7--default":{"type":"story","id":"2-7--default","name":"Default","title":"图层/Graphic图形图层","importPath":"./src/stories/VGraphic.stories.js","tags":["story"]},"2-7--docs":{"id":"2-7--docs","title":"图层/Graphic图形图层","name":"Docs","importPath":"./src/stories/VGraphic.mdx","storiesImports":["./src/stories/VGraphic.stories.js"],"type":"docs","tags":["attached-mdx","docs"]},"3-1--default":{"type":"story","id":"3-1--default","name":"Default","title":"工具/Draw绘制工具","importPath":"./src/stories/VDraw.stories.js","tags":["story"]},"3-1--docs":{"id":"3-1--docs","title":"工具/Draw绘制工具","name":"Docs","importPath":"./src/stories/VDraw.mdx","storiesImports":["./src/stories/VDraw.stories.js"],"type":"docs","tags":["attached-mdx","docs"]},"3-2--default":{"type":"story","id":"3-2--default","name":"Default","title":"工具/Measure测量工具","importPath":"./src/stories/VMeasure.stories.js","tags":["story"]},"3-2--docs":{"id":"3-2--docs","title":"工具/Measure测量工具","name":"Docs","importPath":"./src/stories/VMeasure.mdx","storiesImports":["./src/stories/VMeasure.stories.js"],"type":"docs","tags":["attached-mdx","docs"]},"9-1--docs":{"id":"9-1--docs","title":"其他/Overlay弹框","name":"Docs","importPath":"./src/stories/VOverlay.mdx","storiesImports":["./src/stories/VOverlay.stories.js"],"type":"docs","tags":["attached-mdx","docs"]},"9-1--popup":{"type":"story","id":"9-1--popup","name":"Popup","title":"其他/Overlay弹框","importPath":"./src/stories/VOverlay.stories.js","tags":["story"]},"9-2--default":{"type":"story","id":"9-2--default","name":"Default","title":"其他/Path轨迹回放","importPath":"./src/stories/VPath.stories.js","tags":["story"]},"9-2--docs":{"id":"9-2--docs","title":"其他/Path轨迹回放","name":"Docs","importPath":"./src/stories/VPath.mdx","storiesImports":["./src/stories/VPath.stories.js"],"type":"docs","tags":["attached-mdx","docs"]},"guide--docs":{"id":"guide--docs","title":"Guide","name":"Docs","importPath":"./src/stories/Guide.mdx","storiesImports":[],"type":"docs","tags":["unattached-mdx","docs"]}}}
