{"v":3,"stories":{"1-1--default":{"id":"1-1--default","name":"Default","title":"地图/Map地图容器","importPath":"./src/stories/VMap.stories.js","tags":["story"],"kind":"地图/Map地图容器","story":"Default","parameters":{"__id":"1-1--default","docsOnly":false,"fileName":"./src/stories/VMap.stories.js"}},"1-1--docs":{"id":"1-1--docs","title":"地图/Map地图容器","name":"Docs","importPath":"./src/stories/VMap.mdx","storiesImports":["./src/stories/VMap.stories.js"],"tags":["attached-mdx","docs"],"kind":"地图/Map地图容器","story":"Docs","parameters":{"__id":"1-1--docs","docsOnly":true,"fileName":"./src/stories/VMap.mdx"}},"2-1--default":{"id":"2-1--default","name":"Default","title":"图层/GroupLayer图层组","importPath":"./src/stories/VGroupLayer.stories.js","tags":["story"],"kind":"图层/GroupLayer图层组","story":"Default","parameters":{"__id":"2-1--default","docsOnly":false,"fileName":"./src/stories/VGroupLayer.stories.js"}},"2-1--docs":{"id":"2-1--docs","title":"图层/GroupLayer图层组","name":"Docs","importPath":"./src/stories/VGroupLayer.mdx","storiesImports":["./src/stories/VGroupLayer.stories.js"],"tags":["attached-mdx","docs"],"kind":"图层/GroupLayer图层组","story":"Docs","parameters":{"__id":"2-1--docs","docsOnly":true,"fileName":"./src/stories/VGroupLayer.mdx"}},"2-2--default":{"id":"2-2--default","name":"Default","title":"图层/Tile瓦片图层","importPath":"./src/stories/VTile.stories.js","tags":["story"],"kind":"图层/Tile瓦片图层","story":"Default","parameters":{"__id":"2-2--default","docsOnly":false,"fileName":"./src/stories/VTile.stories.js"}},"2-2--docs":{"id":"2-2--docs","title":"图层/Tile瓦片图层","name":"Docs","importPath":"./src/stories/VTile.mdx","storiesImports":["./src/stories/VTile.stories.js"],"tags":["attached-mdx","docs"],"kind":"图层/Tile瓦片图层","story":"Docs","parameters":{"__id":"2-2--docs","docsOnly":true,"fileName":"./src/stories/VTile.mdx"}},"2-2--wms":{"id":"2-2--wms","name":"WMS","title":"图层/Tile瓦片图层","importPath":"./src/stories/VTile.stories.js","tags":["story"],"kind":"图层/Tile瓦片图层","story":"WMS","parameters":{"__id":"2-2--wms","docsOnly":false,"fileName":"./src/stories/VTile.stories.js"}},"2-2--xyz":{"id":"2-2--xyz","name":"XYZ","title":"图层/Tile瓦片图层","importPath":"./src/stories/VTile.stories.js","tags":["story"],"kind":"图层/Tile瓦片图层","story":"XYZ","parameters":{"__id":"2-2--xyz","docsOnly":false,"fileName":"./src/stories/VTile.stories.js"}},"2-3--default":{"id":"2-3--default","name":"Default","title":"图层/Vector矢量图层","importPath":"./src/stories/VVector.stories.js","tags":["story"],"kind":"图层/Vector矢量图层","story":"Default","parameters":{"__id":"2-3--default","docsOnly":false,"fileName":"./src/stories/VVector.stories.js"}},"2-3--docs":{"id":"2-3--docs","title":"图层/Vector矢量图层","name":"Docs","importPath":"./src/stories/VVector.mdx","storiesImports":["./src/stories/VVector.stories.js"],"tags":["attached-mdx","docs"],"kind":"图层/Vector矢量图层","story":"Docs","parameters":{"__id":"2-3--docs","docsOnly":true,"fileName":"./src/stories/VVector.mdx"}},"2-3--geo-json-basic":{"id":"2-3--geo-json-basic","name":"Geo Json Basic","title":"图层/Vector矢量图层","importPath":"./src/stories/VVector.stories.js","tags":["story"],"kind":"图层/Vector矢量图层","story":"Geo Json Basic","parameters":{"__id":"2-3--geo-json-basic","docsOnly":false,"fileName":"./src/stories/VVector.stories.js"}},"2-3--modify":{"id":"2-3--modify","name":"Modify","title":"图层/Vector矢量图层","importPath":"./src/stories/VVector.stories.js","tags":["story"],"kind":"图层/Vector矢量图层","story":"Modify","parameters":{"__id":"2-3--modify","docsOnly":false,"fileName":"./src/stories/VVector.stories.js"}},"2-4--default":{"id":"2-4--default","name":"Default","title":"图层/Image图片图层","importPath":"./src/stories/VImage.stories.js","tags":["story"],"kind":"图层/Image图片图层","story":"Default","parameters":{"__id":"2-4--default","docsOnly":false,"fileName":"./src/stories/VImage.stories.js"}},"2-4--docs":{"id":"2-4--docs","title":"图层/Image图片图层","name":"Docs","importPath":"./src/stories/VImage.mdx","storiesImports":["./src/stories/VImage.stories.js"],"tags":["attached-mdx","docs"],"kind":"图层/Image图片图层","story":"Docs","parameters":{"__id":"2-4--docs","docsOnly":true,"fileName":"./src/stories/VImage.mdx"}},"2-4--image-wms":{"id":"2-4--image-wms","name":"Image WMS","title":"图层/Image图片图层","importPath":"./src/stories/VImage.stories.js","tags":["story"],"kind":"图层/Image图片图层","story":"Image WMS","parameters":{"__id":"2-4--image-wms","docsOnly":false,"fileName":"./src/stories/VImage.stories.js"}},"2-5--default":{"id":"2-5--default","name":"Default","title":"图层/Heatmap热力图","importPath":"./src/stories/VHeatmap.stories.js","tags":["story"],"kind":"图层/Heatmap热力图","story":"Default","parameters":{"__id":"2-5--default","docsOnly":false,"fileName":"./src/stories/VHeatmap.stories.js"}},"2-5--docs":{"id":"2-5--docs","title":"图层/Heatmap热力图","name":"Docs","importPath":"./src/stories/VHeatmap.mdx","storiesImports":["./src/stories/VHeatmap.stories.js"],"tags":["attached-mdx","docs"],"kind":"图层/Heatmap热力图","story":"Docs","parameters":{"__id":"2-5--docs","docsOnly":true,"fileName":"./src/stories/VHeatmap.mdx"}},"2-6--default":{"id":"2-6--default","name":"Default","title":"图层/Cluster聚合图层","importPath":"./src/stories/VCluster.stories.js","tags":["story"],"kind":"图层/Cluster聚合图层","story":"Default","parameters":{"__id":"2-6--default","docsOnly":false,"fileName":"./src/stories/VCluster.stories.js"}},"2-6--docs":{"id":"2-6--docs","title":"图层/Cluster聚合图层","name":"Docs","importPath":"./src/stories/VCluster.mdx","storiesImports":["./src/stories/VCluster.stories.js"],"tags":["attached-mdx","docs"],"kind":"图层/Cluster聚合图层","story":"Docs","parameters":{"__id":"2-6--docs","docsOnly":true,"fileName":"./src/stories/VCluster.mdx"}},"2-7--default":{"id":"2-7--default","name":"Default","title":"图层/Graphic图形图层","importPath":"./src/stories/VGraphic.stories.js","tags":["story"],"kind":"图层/Graphic图形图层","story":"Default","parameters":{"__id":"2-7--default","docsOnly":false,"fileName":"./src/stories/VGraphic.stories.js"}},"2-7--docs":{"id":"2-7--docs","title":"图层/Graphic图形图层","name":"Docs","importPath":"./src/stories/VGraphic.mdx","storiesImports":["./src/stories/VGraphic.stories.js"],"tags":["attached-mdx","docs"],"kind":"图层/Graphic图形图层","story":"Docs","parameters":{"__id":"2-7--docs","docsOnly":true,"fileName":"./src/stories/VGraphic.mdx"}},"3-1--default":{"id":"3-1--default","name":"Default","title":"工具/Draw绘制工具","importPath":"./src/stories/VDraw.stories.js","tags":["story"],"kind":"工具/Draw绘制工具","story":"Default","parameters":{"__id":"3-1--default","docsOnly":false,"fileName":"./src/stories/VDraw.stories.js"}},"3-1--docs":{"id":"3-1--docs","title":"工具/Draw绘制工具","name":"Docs","importPath":"./src/stories/VDraw.mdx","storiesImports":["./src/stories/VDraw.stories.js"],"tags":["attached-mdx","docs"],"kind":"工具/Draw绘制工具","story":"Docs","parameters":{"__id":"3-1--docs","docsOnly":true,"fileName":"./src/stories/VDraw.mdx"}},"3-2--default":{"id":"3-2--default","name":"Default","title":"工具/Measure测量工具","importPath":"./src/stories/VMeasure.stories.js","tags":["story"],"kind":"工具/Measure测量工具","story":"Default","parameters":{"__id":"3-2--default","docsOnly":false,"fileName":"./src/stories/VMeasure.stories.js"}},"3-2--docs":{"id":"3-2--docs","title":"工具/Measure测量工具","name":"Docs","importPath":"./src/stories/VMeasure.mdx","storiesImports":["./src/stories/VMeasure.stories.js"],"tags":["attached-mdx","docs"],"kind":"工具/Measure测量工具","story":"Docs","parameters":{"__id":"3-2--docs","docsOnly":true,"fileName":"./src/stories/VMeasure.mdx"}},"9-1--docs":{"id":"9-1--docs","title":"其他/Overlay弹框","name":"Docs","importPath":"./src/stories/VOverlay.mdx","storiesImports":["./src/stories/VOverlay.stories.js"],"tags":["attached-mdx","docs"],"kind":"其他/Overlay弹框","story":"Docs","parameters":{"__id":"9-1--docs","docsOnly":true,"fileName":"./src/stories/VOverlay.mdx"}},"9-1--popup":{"id":"9-1--popup","name":"Popup","title":"其他/Overlay弹框","importPath":"./src/stories/VOverlay.stories.js","tags":["story"],"kind":"其他/Overlay弹框","story":"Popup","parameters":{"__id":"9-1--popup","docsOnly":false,"fileName":"./src/stories/VOverlay.stories.js"}},"9-2--default":{"id":"9-2--default","name":"Default","title":"其他/Path轨迹回放","importPath":"./src/stories/VPath.stories.js","tags":["story"],"kind":"其他/Path轨迹回放","story":"Default","parameters":{"__id":"9-2--default","docsOnly":false,"fileName":"./src/stories/VPath.stories.js"}},"9-2--docs":{"id":"9-2--docs","title":"其他/Path轨迹回放","name":"Docs","importPath":"./src/stories/VPath.mdx","storiesImports":["./src/stories/VPath.stories.js"],"tags":["attached-mdx","docs"],"kind":"其他/Path轨迹回放","story":"Docs","parameters":{"__id":"9-2--docs","docsOnly":true,"fileName":"./src/stories/VPath.mdx"}},"guide--docs":{"id":"guide--docs","title":"Guide","name":"Docs","importPath":"./src/stories/Guide.mdx","storiesImports":[],"tags":["unattached-mdx","docs"],"kind":"Guide","story":"Docs","parameters":{"__id":"guide--docs","docsOnly":true,"fileName":"./src/stories/Guide.mdx"}}}}
